"level","algorithm","solved","timeout","exceeded_joint_action_limit","solution_length","expanded","frontier","generated","search_seconds","wall_seconds","memory_mb","exit_code","log"
"complevels\AIMAS7.lvl","-prioritized","True","False","False","55",,,,,"15.798",,"0","benchmarks\results\complevels-all-prioritized-logs\complevels_AIMAS7.lvl__-prioritized.log"
"complevels\AMC.lvl","-prioritized","True","False","False","339",,,,,"0.047",,"0","benchmarks\results\complevels-all-prioritized-logs\complevels_AMC.lvl__-prioritized.log"
"complevels\BigSplit.lvl","-prioritized","True","False","False","84",,,,,"0.106",,"0","benchmarks\results\complevels-all-prioritized-logs\complevels_BigSplit.lvl__-prioritized.log"
"complevels\Ccropper.lvl","-prioritized","True","False","False","25",,,,,"0.029",,"0","benchmarks\results\complevels-all-prioritized-logs\complevels_Ccropper.lvl__-prioritized.log"
"complevels\ClosedAI.lvl","-prioritized","False","False","False",,,,,,"1.012",,"0","benchmarks\results\complevels-all-prioritized-logs\complevels_ClosedAI.lvl__-prioritized.log"
"complevels\CphAirprt.lvl","-prioritized","False","False","False",,,,,,"159.208",,"0","benchmarks\results\complevels-all-prioritized-logs\complevels_CphAirprt.lvl__-prioritized.log"
"complevels\crayCray.lvl","-prioritized","True","False","False","61",,,,,"0.056",,"0","benchmarks\results\complevels-all-prioritized-logs\complevels_crayCray.lvl__-prioritized.log"
"complevels\DASH.lvl","-prioritized","False","False","False",,,,,,"0.033",,"1","benchmarks\results\complevels-all-prioritized-logs\complevels_DASH.lvl__-prioritized.log"
"complevels\DatzCrazy.lvl","-prioritized","False","False","False",,,,,,"0.46",,"0","benchmarks\results\complevels-all-prioritized-logs\complevels_DatzCrazy.lvl__-prioritized.log"
"complevels\DECrunchy.lvl","-prioritized","False","False","False",,,,,,"98.343",,"0","benchmarks\results\complevels-all-prioritized-logs\complevels_DECrunchy.lvl__-prioritized.log"
"complevels\doggy.lvl","-prioritized","True","False","False","124",,,,,"0.103",,"0","benchmarks\results\complevels-all-prioritized-logs\complevels_doggy.lvl__-prioritized.log"
"complevels\donkeyK.lvl","-prioritized","True","False","False","352",,,,,"21.22",,"0","benchmarks\results\complevels-all-prioritized-logs\complevels_donkeyK.lvl__-prioritized.log"
"complevels\EpicfAIl.lvl","-prioritized","False","False","False",,,,,,"0.238",,"0","benchmarks\results\complevels-all-prioritized-logs\complevels_EpicfAIl.lvl__-prioritized.log"
"complevels\GHandDirt.lvl","-prioritized","True","False","False","56",,,,,"0.046",,"0","benchmarks\results\complevels-all-prioritized-logs\complevels_GHandDirt.lvl__-prioritized.log"
"complevels\GroupEZ.lvl","-prioritized","False","False","False",,,,,,"59.257",,"0","benchmarks\results\complevels-all-prioritized-logs\complevels_GroupEZ.lvl__-prioritized.log"
"complevels\help.lvl","-prioritized","False","False","False",,,,,,"26.069",,"0","benchmarks\results\complevels-all-prioritized-logs\complevels_help.lvl__-prioritized.log"
"complevels\ISO.lvl","-prioritized","False","False","False",,,,,,"146.543",,"0","benchmarks\results\complevels-all-prioritized-logs\complevels_ISO.lvl__-prioritized.log"
"complevels\jAIl.lvl","-prioritized","True","False","False","96",,,,,"108.885",,"0","benchmarks\results\complevels-all-prioritized-logs\complevels_jAIl.lvl__-prioritized.log"
"complevels\Lily.lvl","-prioritized","False","True","False",,,,,,"391.409",,,"benchmarks\results\complevels-all-prioritized-logs\complevels_Lily.lvl__-prioritized.log"
"complevels\LiteralAI.lvl","-prioritized","True","False","False","89",,,,,"0.129",,"0","benchmarks\results\complevels-all-prioritized-logs\complevels_LiteralAI.lvl__-prioritized.log"
"complevels\MAchoupo2.lvl","-prioritized","True","False","False","31",,,,,"0.034",,"0","benchmarks\results\complevels-all-prioritized-logs\complevels_MAchoupo2.lvl__-prioritized.log"
"complevels\MADS.lvl","-prioritized","False","False","False",,,,,,"42.731",,"0","benchmarks\results\complevels-all-prioritized-logs\complevels_MADS.lvl__-prioritized.log"
"complevels\MAGiC.lvl","-prioritized","True","False","False","142",,,,,"0.079",,"0","benchmarks\results\complevels-all-prioritized-logs\complevels_MAGiC.lvl__-prioritized.log"
"complevels\MArtians.lvl","-prioritized","True","False","False","791",,,,,"84.668",,"0","benchmarks\results\complevels-all-prioritized-logs\complevels_MArtians.lvl__-prioritized.log"
"complevels\MAybetwo.lvl","-prioritized","True","False","False","18",,,,,"0.046",,"0","benchmarks\results\complevels-all-prioritized-logs\complevels_MAybetwo.lvl__-prioritized.log"
"complevels\MAzonakis.lvl","-prioritized","True","False","False","92",,,,,"0.06",,"0","benchmarks\results\complevels-all-prioritized-logs\complevels_MAzonakis.lvl__-prioritized.log"
"complevels\Medibots.lvl","-prioritized","False","False","False",,,,,,"102.583",,"0","benchmarks\results\complevels-all-prioritized-logs\complevels_Medibots.lvl__-prioritized.log"
"complevels\merRAM.lvl","-prioritized","False","False","False",,,,,,"170.513",,"0","benchmarks\results\complevels-all-prioritized-logs\complevels_merRAM.lvl__-prioritized.log"
"complevels\Minchia.lvl","-prioritized","False","False","False",,,,,,"68.69",,"0","benchmarks\results\complevels-all-prioritized-logs\complevels_Minchia.lvl__-prioritized.log"
"complevels\mosAIc.lvl","-prioritized","False","False","False",,,,,,"162.259",,"0","benchmarks\results\complevels-all-prioritized-logs\complevels_mosAIc.lvl__-prioritized.log"
"complevels\NameHere.lvl","-prioritized","False","False","False",,,,,,"10.312",,"0","benchmarks\results\complevels-all-prioritized-logs\complevels_NameHere.lvl__-prioritized.log"
"complevels\noone.lvl","-prioritized","True","False","False","10",,,,,"0.049",,"0","benchmarks\results\complevels-all-prioritized-logs\complevels_noone.lvl__-prioritized.log"
"complevels\pacMAn.lvl","-prioritized","False","False","False",,,,,,"27.643",,"0","benchmarks\results\complevels-all-prioritized-logs\complevels_pacMAn.lvl__-prioritized.log"
"complevels\PFarthing.lvl","-prioritized","True","False","False","84",,,,,"0.088",,"0","benchmarks\results\complevels-all-prioritized-logs\complevels_PFarthing.lvl__-prioritized.log"
"complevels\PokeNOM.lvl","-prioritized","False","False","False",,,,,,"2.57",,"0","benchmarks\results\complevels-all-prioritized-logs\complevels_PokeNOM.lvl__-prioritized.log"
"complevels\pooh.lvl","-prioritized","True","False","False","88",,,,,"0.04",,"0","benchmarks\results\complevels-all-prioritized-logs\complevels_pooh.lvl__-prioritized.log"
"complevels\QRscammer.lvl","-prioritized","False","False","False",,,,,,"135.109",,"0","benchmarks\results\complevels-all-prioritized-logs\complevels_QRscammer.lvl__-prioritized.log"
"complevels\rooMbA.lvl","-prioritized","False","False","False",,,,,,"0.052",,"1","benchmarks\results\complevels-all-prioritized-logs\complevels_rooMbA.lvl__-prioritized.log"
"complevels\sigMAS.lvl","-prioritized","True","False","False","171",,,,,"0.046",,"0","benchmarks\results\complevels-all-prioritized-logs\complevels_sigMAS.lvl__-prioritized.log"
"complevels\Spiraling.lvl","-prioritized","False","True","False",,,,,,"225.957",,,"benchmarks\results\complevels-all-prioritized-logs\complevels_Spiraling.lvl__-prioritized.log"
"complevels\TBSTANS1.lvl","-prioritized","False","False","False",,,,,,"102.969",,"0","benchmarks\results\complevels-all-prioritized-logs\complevels_TBSTANS1.lvl__-prioritized.log"
"complevels\TeamAgent.lvl","-prioritized","True","False","False","64",,,,,"0.116",,"0","benchmarks\results\complevels-all-prioritized-logs\complevels_TeamAgent.lvl__-prioritized.log"
"complevels\TheGate.lvl","-prioritized","False","False","False",,,,,,"175.926",,"0","benchmarks\results\complevels-all-prioritized-logs\complevels_TheGate.lvl__-prioritized.log"
"complevels\TourDeDTU.lvl","-prioritized","True","False","False","42",,,,,"0.083",,"0","benchmarks\results\complevels-all-prioritized-logs\complevels_TourDeDTU.lvl__-prioritized.log"
"complevels\VNN.lvl","-prioritized","True","False","False","53",,,,,"0.045",,"0","benchmarks\results\complevels-all-prioritized-logs\complevels_VNN.lvl__-prioritized.log"
"complevels\warehouse.lvl","-prioritized","True","False","False","86",,,,,"0.056",,"0","benchmarks\results\complevels-all-prioritized-logs\complevels_warehouse.lvl__-prioritized.log"
"complevels\ZOOM.lvl","-prioritized","False","False","False",,,,,,"147.447",,"0","benchmarks\results\complevels-all-prioritized-logs\complevels_ZOOM.lvl__-prioritized.log"
