level,algorithm,solved,timeout,over_cap,category,server_len,client_len,expanded,frontier,generated,search_seconds,wall_seconds,exit_code,log
complevels/AIMAS7.lvl,-prioritized,True,False,False,solved,55,55,,,,,3.951932,0,benchmarks/results/phaseE-off-regression-logs/complevels_AIMAS7.lvl__-prioritized.log
complevels/AMC.lvl,-prioritized,True,False,False,solved,335,335,,,,,13.783136,0,benchmarks/results/phaseE-off-regression-logs/complevels_AMC.lvl__-prioritized.log
complevels/Ccropper.lvl,-prioritized,True,False,False,solved,25,25,,,,,0.089043,0,benchmarks/results/phaseE-off-regression-logs/complevels_Ccropper.lvl__-prioritized.log
complevels/CphAirprt.lvl,-prioritized,True,False,False,solved,556,556,,,,,5.910163,0,benchmarks/results/phaseE-off-regression-logs/complevels_CphAirprt.lvl__-prioritized.log
complevels/DASH.lvl,-prioritized,True,False,False,solved,48,48,,,,,0.983851,0,benchmarks/results/phaseE-off-regression-logs/complevels_DASH.lvl__-prioritized.log
complevels/DECrunchy.lvl,-prioritized,True,False,False,solved,442,442,,,,,8.486377,0,benchmarks/results/phaseE-off-regression-logs/complevels_DECrunchy.lvl__-prioritized.log
complevels/EpicfAIl.lvl,-prioritized,True,False,False,solved,112,112,770,42910,43680,1.1,1.188814,0,benchmarks/results/phaseE-off-regression-logs/complevels_EpicfAIl.lvl__-prioritized.log
complevels/GHandDirt.lvl,-prioritized,True,False,False,solved,56,56,,,,,0.086025,0,benchmarks/results/phaseE-off-regression-logs/complevels_GHandDirt.lvl__-prioritized.log
complevels/LiteralAI.lvl,-prioritized,True,False,False,solved,89,89,,,,,0.125546,0,benchmarks/results/phaseE-off-regression-logs/complevels_LiteralAI.lvl__-prioritized.log
complevels/MADS.lvl,-prioritized,True,False,False,solved,46,46,,,,,3.452583,0,benchmarks/results/phaseE-off-regression-logs/complevels_MADS.lvl__-prioritized.log
complevels/MAGiC.lvl,-prioritized,True,False,False,solved,142,142,,,,,0.105689,0,benchmarks/results/phaseE-off-regression-logs/complevels_MAGiC.lvl__-prioritized.log
complevels/MAchoupo2.lvl,-prioritized,True,False,False,solved,31,31,,,,,0.079439,0,benchmarks/results/phaseE-off-regression-logs/complevels_MAchoupo2.lvl__-prioritized.log
complevels/MAybetwo.lvl,-prioritized,True,False,False,solved,18,18,,,,,0.077148,0,benchmarks/results/phaseE-off-regression-logs/complevels_MAybetwo.lvl__-prioritized.log
complevels/MAzonakis.lvl,-prioritized,True,False,False,solved,92,92,,,,,0.089141,0,benchmarks/results/phaseE-off-regression-logs/complevels_MAzonakis.lvl__-prioritized.log
complevels/PFarthing.lvl,-prioritized,True,False,False,solved,94,94,,,,,0.089244,0,benchmarks/results/phaseE-off-regression-logs/complevels_PFarthing.lvl__-prioritized.log
complevels/TeamAgent.lvl,-prioritized,True,False,False,solved,64,64,,,,,0.235852,0,benchmarks/results/phaseE-off-regression-logs/complevels_TeamAgent.lvl__-prioritized.log
complevels/TourDeDTU.lvl,-prioritized,True,False,False,solved,42,42,,,,,0.091092,0,benchmarks/results/phaseE-off-regression-logs/complevels_TourDeDTU.lvl__-prioritized.log
complevels/VNN.lvl,-prioritized,True,False,False,solved,55,55,,,,,0.077400,0,benchmarks/results/phaseE-off-regression-logs/complevels_VNN.lvl__-prioritized.log
complevels/crayCray.lvl,-prioritized,True,False,False,solved,61,61,,,,,0.082629,0,benchmarks/results/phaseE-off-regression-logs/complevels_crayCray.lvl__-prioritized.log
complevels/doggy.lvl,-prioritized,True,False,False,solved,130,130,,,,,0.790896,0,benchmarks/results/phaseE-off-regression-logs/complevels_doggy.lvl__-prioritized.log
complevels/jAIl.lvl,-prioritized,True,False,False,solved,82,82,,,,,0.149746,0,benchmarks/results/phaseE-off-regression-logs/complevels_jAIl.lvl__-prioritized.log
complevels/noone.lvl,-prioritized,True,False,False,solved,10,10,,,,,0.078035,0,benchmarks/results/phaseE-off-regression-logs/complevels_noone.lvl__-prioritized.log
complevels/pooh.lvl,-prioritized,True,False,False,solved,88,88,,,,,0.081487,0,benchmarks/results/phaseE-off-regression-logs/complevels_pooh.lvl__-prioritized.log
complevels/rooMbA.lvl,-prioritized,True,False,False,solved,544,544,,,,,23.788147,0,benchmarks/results/phaseE-off-regression-logs/complevels_rooMbA.lvl__-prioritized.log
complevels/sigMAS.lvl,-prioritized,True,False,False,solved,167,167,,,,,0.096813,0,benchmarks/results/phaseE-off-regression-logs/complevels_sigMAS.lvl__-prioritized.log
complevels/warehouse.lvl,-prioritized,True,False,False,solved,86,86,,,,,0.524598,0,benchmarks/results/phaseE-off-regression-logs/complevels_warehouse.lvl__-prioritized.log
levels/BFSfriendly0.lvl,-prioritized,True,False,False,solved,2,2,,,,,0.128724,0,benchmarks/results/phaseE-off-regression-logs/levels_BFSfriendly0.lvl__-prioritized.log
levels/BFSfriendly2.lvl,-prioritized,True,False,False,solved,2,2,,,,,0.089597,0,benchmarks/results/phaseE-off-regression-logs/levels_BFSfriendly2.lvl__-prioritized.log
levels/MAExample.lvl,-prioritized,True,False,False,solved,30,30,,,,,0.091049,0,benchmarks/results/phaseE-off-regression-logs/levels_MAExample.lvl__-prioritized.log
levels/MAPF00.lvl,-prioritized,True,False,False,solved,14,14,,,,,0.081407,0,benchmarks/results/phaseE-off-regression-logs/levels_MAPF00.lvl__-prioritized.log
levels/MAPF01.lvl,-prioritized,True,False,False,solved,14,14,,,,,0.084395,0,benchmarks/results/phaseE-off-regression-logs/levels_MAPF01.lvl__-prioritized.log
levels/MAPF02.lvl,-prioritized,True,False,False,solved,14,14,,,,,0.088027,0,benchmarks/results/phaseE-off-regression-logs/levels_MAPF02.lvl__-prioritized.log
levels/MAPF02B.lvl,-prioritized,True,False,False,solved,14,14,,,,,0.092387,0,benchmarks/results/phaseE-off-regression-logs/levels_MAPF02B.lvl__-prioritized.log
levels/MAPF02C.lvl,-prioritized,True,False,False,solved,14,,,,,,0.084003,0,benchmarks/results/phaseE-off-regression-logs/levels_MAPF02C.lvl__-prioritized.log
levels/MAPF03.lvl,-prioritized,True,False,False,solved,14,14,,,,,0.088153,0,benchmarks/results/phaseE-off-regression-logs/levels_MAPF03.lvl__-prioritized.log
levels/MAPF03B.lvl,-prioritized,True,False,False,solved,14,14,,,,,0.085622,0,benchmarks/results/phaseE-off-regression-logs/levels_MAPF03B.lvl__-prioritized.log
levels/MAPF03C.lvl,-prioritized,True,False,False,solved,16,16,,,,,0.096829,0,benchmarks/results/phaseE-off-regression-logs/levels_MAPF03C.lvl__-prioritized.log
levels/MAPFslidingpuzzle.lvl,-prioritized,True,False,False,solved,36,36,69,50,119,0.009,0.097589,0,benchmarks/results/phaseE-off-regression-logs/levels_MAPFslidingpuzzle.lvl__-prioritized.log
levels/MAbispebjerg.lvl,-prioritized,True,False,False,solved,200,200,,,,,2.028021,0,benchmarks/results/phaseE-off-regression-logs/levels_MAbispebjerg.lvl__-prioritized.log
levels/MAbispebjergHospital.lvl,-prioritized,True,False,False,solved,200,200,,,,,1.960873,0,benchmarks/results/phaseE-off-regression-logs/levels_MAbispebjergHospital.lvl__-prioritized.log
levels/MAchallenge.lvl,-prioritized,True,False,False,solved,330,330,,,,,13.734179,0,benchmarks/results/phaseE-off-regression-logs/levels_MAchallenge.lvl__-prioritized.log
levels/MAmultiagentSort.lvl,-prioritized,True,False,False,solved,244,244,,,,,0.265290,0,benchmarks/results/phaseE-off-regression-logs/levels_MAmultiagentSort.lvl__-prioritized.log
levels/MApacman.lvl,-prioritized,True,False,False,solved,100,100,,,,,2.493484,0,benchmarks/results/phaseE-off-regression-logs/levels_MApacman.lvl__-prioritized.log
levels/MAsimple1.lvl,-prioritized,True,False,False,solved,17,17,,,,,0.077276,0,benchmarks/results/phaseE-off-regression-logs/levels_MAsimple1.lvl__-prioritized.log
levels/MAsimple2.lvl,-prioritized,True,False,False,solved,30,30,,,,,0.078157,0,benchmarks/results/phaseE-off-regression-logs/levels_MAsimple2.lvl__-prioritized.log
levels/MAsimple3.lvl,-prioritized,True,False,False,solved,51,51,580,321,901,0.044,0.116624,0,benchmarks/results/phaseE-off-regression-logs/levels_MAsimple3.lvl__-prioritized.log
levels/MAsimple4.lvl,-prioritized,True,False,False,solved,6,6,,,,,0.075583,0,benchmarks/results/phaseE-off-regression-logs/levels_MAsimple4.lvl__-prioritized.log
levels/MAsimple5.lvl,-prioritized,True,False,False,solved,9,9,,,,,0.088235,0,benchmarks/results/phaseE-off-regression-logs/levels_MAsimple5.lvl__-prioritized.log
levels/MAthomasAppartment.lvl,-prioritized,True,False,False,solved,208,208,,,,,17.639716,0,benchmarks/results/phaseE-off-regression-logs/levels_MAthomasAppartment.lvl__-prioritized.log
levels/MAthomasAppartment_blue.lvl,-prioritized,True,False,False,solved,34,34,,,,,0.091551,0,benchmarks/results/phaseE-off-regression-logs/levels_MAthomasAppartment_blue.lvl__-prioritized.log
levels/MAthomasAppartment_bluecyan.lvl,-prioritized,True,False,False,solved,187,187,,,,,0.126048,0,benchmarks/results/phaseE-off-regression-logs/levels_MAthomasAppartment_bluecyan.lvl__-prioritized.log
levels/MAthomasAppartment_bluecyanpurple.lvl,-prioritized,True,False,False,solved,187,187,,,,,0.090251,0,benchmarks/results/phaseE-off-regression-logs/levels_MAthomasAppartment_bluecyanpurple.lvl__-prioritized.log
levels/MAthomasAppartment_bluepurple.lvl,-prioritized,True,False,False,solved,71,71,,,,,0.082383,0,benchmarks/results/phaseE-off-regression-logs/levels_MAthomasAppartment_bluepurple.lvl__-prioritized.log
levels/MAthomasAppartment_cyan.lvl,-prioritized,True,False,False,solved,187,187,,,,,0.085237,0,benchmarks/results/phaseE-off-regression-logs/levels_MAthomasAppartment_cyan.lvl__-prioritized.log
levels/MAthomasAppartment_cyanpurple.lvl,-prioritized,True,False,False,solved,187,187,,,,,0.091118,0,benchmarks/results/phaseE-off-regression-logs/levels_MAthomasAppartment_cyanpurple.lvl__-prioritized.log
levels/MAthomasAppartment_purple.lvl,-prioritized,True,False,False,solved,71,71,,,,,0.080891,0,benchmarks/results/phaseE-off-regression-logs/levels_MAthomasAppartment_purple.lvl__-prioritized.log
levels/MAthomasAppartment_red.lvl,-prioritized,True,False,False,solved,206,206,,,,,0.092024,0,benchmarks/results/phaseE-off-regression-logs/levels_MAthomasAppartment_red.lvl__-prioritized.log
levels/MAthomasAppartment_redblue.lvl,-prioritized,True,False,False,solved,206,206,,,,,0.145258,0,benchmarks/results/phaseE-off-regression-logs/levels_MAthomasAppartment_redblue.lvl__-prioritized.log
levels/MAthomasAppartment_redbluecyan.lvl,-prioritized,True,False,False,solved,208,208,,,,,13.600011,0,benchmarks/results/phaseE-off-regression-logs/levels_MAthomasAppartment_redbluecyan.lvl__-prioritized.log
levels/MAthomasAppartment_redbluepurple.lvl,-prioritized,True,False,False,solved,206,206,,,,,0.140541,0,benchmarks/results/phaseE-off-regression-logs/levels_MAthomasAppartment_redbluepurple.lvl__-prioritized.log
levels/MAthomasAppartment_redcyan.lvl,-prioritized,True,False,False,solved,208,208,,,,,9.934214,0,benchmarks/results/phaseE-off-regression-logs/levels_MAthomasAppartment_redcyan.lvl__-prioritized.log
levels/MAthomasAppartment_redcyanpurple.lvl,-prioritized,True,False,False,solved,208,208,,,,,14.650044,0,benchmarks/results/phaseE-off-regression-logs/levels_MAthomasAppartment_redcyanpurple.lvl__-prioritized.log
levels/MAthomasAppartment_redpurple.lvl,-prioritized,True,False,False,solved,206,206,,,,,0.086799,0,benchmarks/results/phaseE-off-regression-logs/levels_MAthomasAppartment_redpurple.lvl__-prioritized.log
levels/SACrunch.lvl,-prioritized,True,False,False,solved,109,109,,,,,1.015706,0,benchmarks/results/phaseE-off-regression-logs/levels_SACrunch.lvl__-prioritized.log
levels/SAD1.lvl,-prioritized,True,False,False,solved,19,,,,,,0.077752,0,benchmarks/results/phaseE-off-regression-logs/levels_SAD1.lvl__-prioritized.log
levels/SAD2.lvl,-prioritized,True,False,False,solved,19,19,,,,,0.076708,0,benchmarks/results/phaseE-off-regression-logs/levels_SAD2.lvl__-prioritized.log
levels/SAD3.lvl,-prioritized,True,False,False,solved,19,19,,,,,0.078727,0,benchmarks/results/phaseE-off-regression-logs/levels_SAD3.lvl__-prioritized.log
levels/SAFirefly.lvl,-prioritized,True,False,False,solved,95,95,,,,,0.084622,0,benchmarks/results/phaseE-off-regression-logs/levels_SAFirefly.lvl__-prioritized.log
levels/SALazarus.lvl,-prioritized,True,False,False,solved,223,223,,,,,8.628240,0,benchmarks/results/phaseE-off-regression-logs/levels_SALazarus.lvl__-prioritized.log
levels/SATheRedDot.lvl,-prioritized,True,False,False,solved,91,91,,,,,0.091155,0,benchmarks/results/phaseE-off-regression-logs/levels_SATheRedDot.lvl__-prioritized.log
levels/SAanagram.lvl,-prioritized,True,False,False,solved,105,105,,,,,0.094839,0,benchmarks/results/phaseE-off-regression-logs/levels_SAanagram.lvl__-prioritized.log
levels/SAbispebjergHospital.lvl,-prioritized,True,False,False,solved,1298,1298,,,,,0.185137,0,benchmarks/results/phaseE-off-regression-logs/levels_SAbispebjergHospital.lvl__-prioritized.log
levels/SAboXboXboX.lvl,-prioritized,True,False,False,solved,122,122,4533,6945,11478,0.537,0.628737,0,benchmarks/results/phaseE-off-regression-logs/levels_SAboXboXboX.lvl__-prioritized.log
levels/SAbotbot.lvl,-prioritized,True,False,False,solved,63,63,,,,,0.115258,0,benchmarks/results/phaseE-off-regression-logs/levels_SAbotbot.lvl__-prioritized.log
levels/SAfriendofDFS.lvl,-prioritized,True,False,False,solved,8,8,,,,,0.077431,0,benchmarks/results/phaseE-off-regression-logs/levels_SAfriendofDFS.lvl__-prioritized.log
levels/SAlabyrinth.lvl,-prioritized,True,False,False,solved,676,676,,,,,0.098467,0,benchmarks/results/phaseE-off-regression-logs/levels_SAlabyrinth.lvl__-prioritized.log
levels/SAmicromouseContest2011.lvl,-prioritized,True,False,False,solved,112,112,,,,,0.085957,0,benchmarks/results/phaseE-off-regression-logs/levels_SAmicromouseContest2011.lvl__-prioritized.log
levels/SApacman.lvl,-prioritized,True,False,False,solved,190,190,,,,,0.086212,0,benchmarks/results/phaseE-off-regression-logs/levels_SApacman.lvl__-prioritized.log
levels/SApushing.lvl,-prioritized,True,False,False,solved,21,21,,,,,0.078469,0,benchmarks/results/phaseE-off-regression-logs/levels_SApushing.lvl__-prioritized.log
levels/SAsimple0.lvl,-prioritized,True,False,False,solved,5,5,,,,,0.082348,0,benchmarks/results/phaseE-off-regression-logs/levels_SAsimple0.lvl__-prioritized.log
levels/SAsimple1.lvl,-prioritized,True,False,False,solved,6,6,,,,,0.076545,0,benchmarks/results/phaseE-off-regression-logs/levels_SAsimple1.lvl__-prioritized.log
levels/SAsimple2.lvl,-prioritized,True,False,False,solved,46,46,,,,,0.078352,0,benchmarks/results/phaseE-off-regression-logs/levels_SAsimple2.lvl__-prioritized.log
levels/SAsimple3.lvl,-prioritized,True,False,False,solved,39,39,,,,,0.081694,0,benchmarks/results/phaseE-off-regression-logs/levels_SAsimple3.lvl__-prioritized.log
levels/SAsimple4.lvl,-prioritized,True,False,False,solved,46,46,,,,,0.078629,0,benchmarks/results/phaseE-off-regression-logs/levels_SAsimple4.lvl__-prioritized.log
levels/SAsoko1_04.lvl,-prioritized,True,False,False,solved,2,2,,,,,0.076148,0,benchmarks/results/phaseE-off-regression-logs/levels_SAsoko1_04.lvl__-prioritized.log
levels/SAsoko1_08.lvl,-prioritized,True,False,False,solved,6,6,,,,,0.076803,0,benchmarks/results/phaseE-off-regression-logs/levels_SAsoko1_08.lvl__-prioritized.log
levels/SAsoko1_128.lvl,-prioritized,True,False,False,solved,126,126,,,,,0.085938,0,benchmarks/results/phaseE-off-regression-logs/levels_SAsoko1_128.lvl__-prioritized.log
levels/SAsoko1_16.lvl,-prioritized,True,False,False,solved,14,14,,,,,0.076259,0,benchmarks/results/phaseE-off-regression-logs/levels_SAsoko1_16.lvl__-prioritized.log
levels/SAsoko1_32.lvl,-prioritized,True,False,False,solved,30,30,,,,,0.078918,0,benchmarks/results/phaseE-off-regression-logs/levels_SAsoko1_32.lvl__-prioritized.log
levels/SAsoko1_64.lvl,-prioritized,True,False,False,solved,62,62,,,,,0.088898,0,benchmarks/results/phaseE-off-regression-logs/levels_SAsoko1_64.lvl__-prioritized.log
levels/SAsoko2_04.lvl,-prioritized,True,False,False,solved,2,2,,,,,0.086205,0,benchmarks/results/phaseE-off-regression-logs/levels_SAsoko2_04.lvl__-prioritized.log
levels/SAsoko2_08.lvl,-prioritized,True,False,False,solved,6,6,,,,,0.075787,0,benchmarks/results/phaseE-off-regression-logs/levels_SAsoko2_08.lvl__-prioritized.log
levels/SAsoko2_128.lvl,-prioritized,True,False,False,solved,126,126,,,,,0.093274,0,benchmarks/results/phaseE-off-regression-logs/levels_SAsoko2_128.lvl__-prioritized.log
levels/SAsoko2_16.lvl,-prioritized,True,False,False,solved,14,14,,,,,0.076358,0,benchmarks/results/phaseE-off-regression-logs/levels_SAsoko2_16.lvl__-prioritized.log
levels/SAsoko2_32.lvl,-prioritized,True,False,False,solved,30,30,,,,,0.081924,0,benchmarks/results/phaseE-off-regression-logs/levels_SAsoko2_32.lvl__-prioritized.log
levels/SAsoko2_64.lvl,-prioritized,True,False,False,solved,62,62,,,,,0.084222,0,benchmarks/results/phaseE-off-regression-logs/levels_SAsoko2_64.lvl__-prioritized.log
levels/SAsoko3_04.lvl,-prioritized,True,False,False,solved,13,13,,,,,0.075115,0,benchmarks/results/phaseE-off-regression-logs/levels_SAsoko3_04.lvl__-prioritized.log
levels/SAsoko3_05.lvl,-prioritized,True,False,False,solved,26,26,,,,,0.079799,0,benchmarks/results/phaseE-off-regression-logs/levels_SAsoko3_05.lvl__-prioritized.log
levels/SAsoko3_06.lvl,-prioritized,True,False,False,solved,43,43,,,,,0.089241,0,benchmarks/results/phaseE-off-regression-logs/levels_SAsoko3_06.lvl__-prioritized.log
levels/SAsoko3_07.lvl,-prioritized,True,False,False,solved,64,64,,,,,0.091843,0,benchmarks/results/phaseE-off-regression-logs/levels_SAsoko3_07.lvl__-prioritized.log
levels/SAsoko3_08.lvl,-prioritized,True,False,False,solved,89,89,,,,,0.079847,0,benchmarks/results/phaseE-off-regression-logs/levels_SAsoko3_08.lvl__-prioritized.log
levels/SAsoko3_16.lvl,-prioritized,True,False,False,solved,433,433,,,,,0.098840,0,benchmarks/results/phaseE-off-regression-logs/levels_SAsoko3_16.lvl__-prioritized.log
levels/SAsoko3_32.lvl,-prioritized,True,False,False,solved,1874,1874,,,,,0.230310,0,benchmarks/results/phaseE-off-regression-logs/levels_SAsoko3_32.lvl__-prioritized.log
levels/SAsoko3_64.lvl,-prioritized,True,False,False,solved,7826,7826,,,,,1.890747,0,benchmarks/results/phaseE-off-regression-logs/levels_SAsoko3_64.lvl__-prioritized.log
levels/SAsokobanLevel96.lvl,-prioritized,True,False,False,solved,75,75,,,,,0.590632,0,benchmarks/results/phaseE-off-regression-logs/levels_SAsokobanLevel96.lvl__-prioritized.log
levels/SAsorting.lvl,-prioritized,True,False,False,solved,795,795,,,,,0.123542,0,benchmarks/results/phaseE-off-regression-logs/levels_SAsorting.lvl__-prioritized.log
levels/SAtest.lvl,-prioritized,True,False,False,solved,18,18,,,,,0.870972,0,benchmarks/results/phaseE-off-regression-logs/levels_SAtest.lvl__-prioritized.log
levels/SAthomasAppartment.lvl,-prioritized,True,False,False,solved,508,508,,,,,0.393613,0,benchmarks/results/phaseE-off-regression-logs/levels_SAthomasAppartment.lvl__-prioritized.log
levels/SAtowersOfHoChiMinh03.lvl,-prioritized,True,False,False,solved,56,56,,,,,0.135633,0,benchmarks/results/phaseE-off-regression-logs/levels_SAtowersOfHoChiMinh03.lvl__-prioritized.log
levels/SAtowersOfHoChiMinh04.lvl,-prioritized,True,False,False,solved,92,92,,,,,0.195460,0,benchmarks/results/phaseE-off-regression-logs/levels_SAtowersOfHoChiMinh04.lvl__-prioritized.log
levels/SAtowersOfHoChiMinh05.lvl,-prioritized,True,False,False,solved,136,136,,,,,1.173333,0,benchmarks/results/phaseE-off-regression-logs/levels_SAtowersOfHoChiMinh05.lvl__-prioritized.log
levels/SAtowersOfSaigon03.lvl,-prioritized,True,False,False,solved,62,62,,,,,0.141649,0,benchmarks/results/phaseE-off-regression-logs/levels_SAtowersOfSaigon03.lvl__-prioritized.log
levels/SAtowersOfSaigon04.lvl,-prioritized,True,False,False,solved,114,114,,,,,0.216519,0,benchmarks/results/phaseE-off-regression-logs/levels_SAtowersOfSaigon04.lvl__-prioritized.log
levels/SAtowersOfSaigon05.lvl,-prioritized,True,False,False,solved,188,188,,,,,0.825264,0,benchmarks/results/phaseE-off-regression-logs/levels_SAtowersOfSaigon05.lvl__-prioritized.log
levels/SAtowersOfSaigon5.lvl,-prioritized,True,False,False,solved,188,188,,,,,0.814355,0,benchmarks/results/phaseE-off-regression-logs/levels_SAtowersOfSaigon5.lvl__-prioritized.log
levels/Sokogen18.lvl,-prioritized,True,False,False,solved,13,13,,,,,0.073122,0,benchmarks/results/phaseE-off-regression-logs/levels_Sokogen18.lvl__-prioritized.log
